{
  "block.iron_door.close": {
    "sounds": [
      "block/wooden_door/close"
    ],
    "replace": true,
    "subtitle": "subtitles.block.door.toggle"
  },
  "block.iron_door.open": {
    "sounds": [
      "block/wooden_door/open"
    ],
    "replace": true,
    "subtitle": "subtitles.block.door.toggle"
  },
  "block.iron_trapdoor.close": {
    "sounds": [
      "block/wooden_door/close"
    ],
    "replace": true,
    "subtitle": "subtitles.block.iron_trapdoor.close"
  },
  "block.iron_trapdoor.open": {
    "sounds": [
      "block/wooden_door/open"
    ],
    "replace": true,
    "subtitle": "subtitles.block.iron_trapdoor.open"
  },
  "block.wooden_door.close": {
    "sounds": [
      "block/wooden_door/close"
    ],
    "replace": true,
    "subtitle": "subtitles.block.door.toggle"
  },
  "block.wooden_door.open": {
    "sounds": [
      "block/wooden_door/open"
    ],
    "replace": true,
    "subtitle": "subtitles.block.door.toggle"
  },
  "block.wooden_trapdoor.open": {
    "sounds": [
      "block/wooden_door/open"
    ],
    "replace": true,
    "subtitle": "subtitles.block.trapdoor.toggle"
  },
  "block.wooden_trapdoor.close": {
    "sounds": [
      "block/wooden_door/close"
    ],
    "replace": true,
    "subtitle": "subtitles.block.trapdoor.toggle"
  },
  "block.fence_gate.open": {
    "sounds": [
      "block/wooden_door/open"
    ],
    "replace": true,
    "subtitle": "subtitles.block.fence_gate.toggle"
  },
  "block.fence_gate.close": {
    "sounds": [
      "block/wooden_door/close"
    ],
    "replace": true,
    "subtitle": "subtitles.block.fence_gate.toggle"
  },
  "block.cherry_wood_door.open": {
    "sounds": [
      "block/wooden_door/open"
    ],
    "replace": true,
    "subtitle": "subtitles.block.trapdoor.toggle"
  },
  "block.cherry_wood_door.close": {
    "sounds": [
      "block/wooden_door/close"
    ],
    "replace": true,
    "subtitle": "subtitles.block.trapdoor.toggle"
  },
  "block.cherry_wood_trapdoor.open": {
    "sounds": [
      "block/wooden_door/open"
    ],
    "replace": true,
    "subtitle": "subtitles.block.trapdoor.toggle"
  },
  "block.cherry_wood_trapdoor.close": {
    "sounds": [
      "block/wooden_door/close"
    ],
    "replace": true,
    "subtitle": "subtitles.block.trapdoor.toggle"
  },
  "block.cherry_wood_fence_gate.open": {
    "sounds": [
      "block/wooden_door/open"
    ],
    "replace": true,
    "subtitle": "subtitles.block.fence_gate.toggle"
  },
  "block.cherry_wood_fence_gate.close": {
    "sounds": [
      "block/wooden_door/close"
    ],
    "replace": true,
    "subtitle": "subtitles.block.fence_gate.toggle"
  },
  "block.bamboo_wood_door.open": {
    "sounds": [
      "block/wooden_door/open"
    ],
    "replace": true,
    "subtitle": "subtitles.block.trapdoor.toggle"
  },
  "block.bamboo_wood_door.close": {
    "sounds": [
      "block/wooden_door/close"
    ],
    "replace": true,
    "subtitle": "subtitles.block.trapdoor.toggle"
  },
  "block.bamboo_wood_trapdoor.open": {
    "sounds": [
      "block/wooden_door/open"
    ],
    "replace": true,
    "subtitle": "subtitles.block.trapdoor.toggle"
  },
  "block.bamboo_wood_trapdoor.close": {
    "sounds": [
      "block/wooden_door/close"
    ],
    "replace": true,
    "subtitle": "subtitles.block.trapdoor.toggle"
  },
  "block.bamboo_wood_fence_gate.open": {
    "sounds": [
      "block/wooden_door/open"
    ],
    "replace": true,
    "subtitle": "subtitles.block.bamboo_wood_fence_gate.toggle"
  },
  "block.bamboo_wood_fence_gate.close": {
    "sounds": [
      "block/wooden_door/close"
    ],
    "replace": true,
    "subtitle": "subtitles.block.trapdoor.toggle"
  },
  "block.nether_wood_door.open": {
    "sounds": [
      "block/wooden_door/open"
    ],
    "replace": true,
    "subtitle": "subtitles.block.trapdoor.toggle"
  },
  "block.nether_wood_door.close": {
    "sounds": [
      "block/wooden_door/close"
    ],
    "replace": true,
    "subtitle": "subtitles.block.trapdoor.toggle"
  },
  "block.nether_wood_trapdoor.open": {
    "sounds": [
      "block/wooden_door/open"
    ],
    "replace": true,
    "subtitle": "subtitles.block.trapdoor.toggle"
  },
  "block.nether_wood_trapdoor.close": {
    "sounds": [
      "block/wooden_door/close"
    ],
    "replace": true,
    "subtitle": "subtitles.block.trapdoor.toggle"
  },
  "block.nether_wood_fence_gate.open": {
    "sounds": [
      "block/wooden_door/open"
    ],
    "replace": true,
    "subtitle": "subtitles.block.fence_gate.toggle"
  },
  "block.nether_wood_fence_gate.close": {
    "sounds": [
      "block/wooden_door/close"
    ],
    "replace": true,
    "subtitle": "subtitles.block.fence_gate.toggle"
  },
  "block.copper_door.close": {
    "sounds": [
      "block/wooden_door/close"
    ],
    "replace": true,
    "subtitle": "subtitles.block.door.toggle"
  },
  "block.copper_door.open": {
    "sounds": [
      "block/wooden_door/close",
      {
        "name": "block/wooden_door/close",
        "pitch": 1.1
      }
    ],
    "replace": true,
    "subtitle": "subtitles.block.door.toggle"
  },
  "block.portal.ambient": {
    "sounds": [
      {
        "attenuation_distance": 10,
        "name": "portal/portal",
        "volume": 0.05
      }
    ],
    "replace": true,
    "subtitle": "subtitles.block.portal.ambient"
  },
  "block.portal.travel": {
    "sounds": [
      {
        "name": "portal/travel",
        "volume": 0.05
      }
    ],
    "replace": true
  },
  "block.portal.trigger": {
    "sounds": [
      {
        "name": "portal/trigger",
        "volume": 0.05
      }
    ],
    "replace": true,
    "subtitle": "subtitles.block.portal.trigger"
  },
  "block.piston.contract": {
    "sounds": [
      {
        "name": "tile/piston/in",
        "volume": 0.05
      }
    ],
    "replace": true,
    "subtitle": "subtitles.block.piston.move"
  },
  "block.piston.extend": {
    "sounds": [
      {
        "name": "tile/piston/out",
        "volume": 0.05
      }
    ],
    "replace": true,
    "subtitle": "subtitles.block.piston.move"
  },
    "music.credits": {
        "replace": true,
        "sounds": [
            {
                "name": "music/game/end/alpha",
                "stream": true
            }
        ]
    },
    "music.dragon": {
        "replace": true,
        "sounds": [
            {
                "name": "music/game/end/boss",
                "stream": true
            }
        ]
    },
    "music.end": {
        "replace": true,
        "sounds": [
            {
                "name": "music/game/end/the_end",
                "stream": true
            }
        ]
    },
    "music.game": {
        "replace": true,
        "sounds": [
            {
                "name": "music/game/minecraft",
                "stream": true
            },
            {
                "name": "music/game/clark",
                "stream": true
            },
            {
                "name": "music/game/sweden",
                "stream": true
            },
            {
                "name": "music/game/subwoofer_lullaby",
                "stream": true
            },
            {
                "name": "music/game/living_mice",
                "stream": true
            },
            {
                "name": "music/game/haggstrom",
                "stream": true
            },
            {
                "name": "music/game/danny",
                "stream": true
            },
            {
                "name": "music/game/key",
                "stream": true
            },
            {
                "name": "music/game/oxygene",
                "stream": true
            },
            {
                "name": "music/game/dry_hands",
                "stream": true
            },
            {
                "name": "music/game/wet_hands",
                "stream": true
            },
            {
                "name": "music/game/mice_on_venus",
                "stream": true
            }
        ]
    },
    "music.menu": {
        "replace": true,
        "sounds": [
            {
                "name": "music/menu/beginning_2",
                "stream": true
            },
            {
                "name": "music/menu/floating_trees",
                "stream": true
            },
            {
                "name": "music/menu/moog_city_2",
                "stream": true
            },
            {
                "name": "music/menu/mutation",
                "stream": true
            }
        ]
    },
    "music.nether.basalt_deltas": {
        "replace": true,
        "sounds": [
            {
                "name": "music/game/nether/ballad_of_the_cats",
                "stream": true
            },
            {
                "name": "music/game/nether/concrete_halls",
                "stream": true
            },
            {
                "name": "music/game/nether/dead_voxel",
                "stream": true
            },
            {
                "name": "music/game/nether/warmth",
                "stream": true
            }
        ]
    },
    "music.nether.crimson_forest": {
        "replace": true,
        "sounds": [
            {
                "name": "music/game/nether/ballad_of_the_cats",
                "stream": true
            },
            {
                "name": "music/game/nether/concrete_halls",
                "stream": true
            },
            {
                "name": "music/game/nether/dead_voxel",
                "stream": true
            },
            {
                "name": "music/game/nether/warmth",
                "stream": true
            }
        ]
    },
    "music.nether.nether_wastes": {
        "replace": true,
        "sounds": [
            {
                "name": "music/game/nether/ballad_of_the_cats",
                "stream": true
            },
            {
                "name": "music/game/nether/concrete_halls",
                "stream": true
            },
            {
                "name": "music/game/nether/dead_voxel",
                "stream": true
            },
            {
                "name": "music/game/nether/warmth",
                "stream": true
            }
        ]
    },
    "music.nether.soul_sand_valley": {
        "replace": true,
        "sounds": [
            {
                "name": "music/game/nether/ballad_of_the_cats",
                "stream": true
            },
            {
                "name": "music/game/nether/concrete_halls",
                "stream": true
            },
            {
                "name": "music/game/nether/dead_voxel",
                "stream": true
            },
            {
                "name": "music/game/nether/warmth",
                "stream": true
            }
        ]
    },
    "music.nether.warped_forest": {
        "replace": true,
        "sounds": [
            {
                "name": "music/game/nether/ballad_of_the_cats",
                "stream": true
            },
            {
                "name": "music/game/nether/concrete_halls",
                "stream": true
            },
            {
                "name": "music/game/nether/dead_voxel",
                "stream": true
            },
            {
                "name": "music/game/nether/warmth",
                "stream": true
            }
        ]
    },
    "music.overworld.deep_dark": {
        "replace": true,
        "sounds": []
    },
    "music.overworld.dripstone_caves": {
        "replace": true,
        "sounds": [
            {
                "name": "music/game/subwoofer_lullaby",
                "stream": true
            },
            {
                "name": "music/game/living_mice",
                "stream": true
            },
            {
                "name": "music/game/haggstrom",
                "stream": true
            },
            {
                "name": "music/game/danny",
                "stream": true
            },
            {
                "name": "music/game/key",
                "stream": true
            },
            {
                "name": "music/game/oxygene",
                "stream": true
            }
        ]
    },
    "music.overworld.frozen_peaks": {
        "replace": true,
        "sounds": [
            {
                "name": "music/game/subwoofer_lullaby",
                "stream": true
            },
            {
                "name": "music/game/living_mice",
                "stream": true
            },
            {
                "name": "music/game/haggstrom",
                "stream": true
            },
            {
                "name": "music/game/danny",
                "stream": true
            },
            {
                "name": "music/game/dry_hands",
                "stream": true
            },
            {
                "name": "music/game/wet_hands",
                "stream": true
            },
            {
                "name": "music/game/mice_on_venus",
                "stream": true
            }
        ]
    },
    "music.overworld.grove": {
        "replace": true,
        "sounds": [
            {
                "name": "music/game/minecraft",
                "stream": true
            },
            {
                "name": "music/game/clark",
                "stream": true
            },
            {
                "name": "music/game/sweden",
                "stream": true
            },
            {
                "name": "music/game/key",
                "stream": true
            },
            {
                "name": "music/game/oxygene",
                "stream": true
            },
            {
                "name": "music/game/mice_on_venus",
                "stream": true
            }
        ]
    },
    "music.overworld.jagged_peaks": {
        "replace": true,
        "sounds": [
            {
                "name": "music/game/subwoofer_lullaby",
                "stream": true
            },
            {
                "name": "music/game/living_mice",
                "stream": true
            },
            {
                "name": "music/game/key",
                "stream": true
            },
            {
                "name": "music/game/oxygene",
                "stream": true
            },
            {
                "name": "music/game/dry_hands",
                "stream": true
            },
            {
                "name": "music/game/wet_hands",
                "stream": true
            },
            {
                "name": "music/game/mice_on_venus",
                "stream": true
            }
        ]
    },
    "music.overworld.jungle_and_forest": {
        "replace": true,
        "sounds": [
            {
                "name": "music/game/minecraft",
                "stream": true
            },
            {
                "name": "music/game/clark",
                "stream": true
            },
            {
                "name": "music/game/sweden",
                "stream": true
            },
            {
                "name": "music/game/subwoofer_lullaby",
                "stream": true
            },
            {
                "name": "music/game/living_mice",
                "stream": true
            },
            {
                "name": "music/game/haggstrom",
                "stream": true
            },
            {
                "name": "music/game/danny",
                "stream": true
            },
            {
                "name": "music/game/key",
                "stream": true
            },
            {
                "name": "music/game/oxygene",
                "stream": true
            },
            {
                "name": "music/game/dry_hands",
                "stream": true
            },
            {
                "name": "music/game/wet_hands",
                "stream": true
            },
            {
                "name": "music/game/mice_on_venus",
                "stream": true
            }
        ]
    },
    "music.overworld.lush_caves": {
        "replace": true,
        "sounds": [
            {
                "name": "music/game/minecraft",
                "stream": true
            },
            {
                "name": "music/game/clark",
                "stream": true
            },
            {
                "name": "music/game/sweden",
                "stream": true
            },
            {
                "name": "music/game/dry_hands",
                "stream": true
            },
            {
                "name": "music/game/wet_hands",
                "stream": true
            },
            {
                "name": "music/game/mice_on_venus",
                "stream": true
            }
        ]
    },
    "music.overworld.meadow": {
        "replace": true,
        "sounds": [
            {
                "name": "music/game/subwoofer_lullaby",
                "stream": true
            },
            {
                "name": "music/game/living_mice",
                "stream": true
            },
            {
                "name": "music/game/haggstrom",
                "stream": true
            },
            {
                "name": "music/game/danny",
                "stream": true
            }
        ]
    },
    "music.overworld.old_growth_taiga": {
        "replace": true,
        "sounds": [
            {
                "name": "music/game/minecraft",
                "stream": true
            },
            {
                "name": "music/game/clark",
                "stream": true
            },
            {
                "name": "music/game/sweden",
                "stream": true
            },
            {
                "name": "music/game/subwoofer_lullaby",
                "stream": true
            },
            {
                "name": "music/game/living_mice",
                "stream": true
            },
            {
                "name": "music/game/haggstrom",
                "stream": true
            },
            {
                "name": "music/game/danny",
                "stream": true
            },
            {
                "name": "music/game/key",
                "stream": true
            },
            {
                "name": "music/game/oxygene",
                "stream": true
            },
            {
                "name": "music/game/dry_hands",
                "stream": true
            },
            {
                "name": "music/game/wet_hands",
                "stream": true
            },
            {
                "name": "music/game/mice_on_venus",
                "stream": true
            }
        ]
    },
    "music.overworld.snowy_slopes": {
        "replace": true,
        "sounds": [
            {
                "name": "music/game/minecraft",
                "stream": true
            },
            {
                "name": "music/game/clark",
                "stream": true
            },
            {
                "name": "music/game/sweden",
                "stream": true
            },
            {
                "name": "music/game/subwoofer_lullaby",
                "stream": true
            },
            {
                "name": "music/game/living_mice",
                "stream": true
            },
            {
                "name": "music/game/haggstrom",
                "stream": true
            },
            {
                "name": "music/game/danny",
                "stream": true
            },
            {
                "name": "music/game/key",
                "stream": true
            },
            {
                "name": "music/game/oxygene",
                "stream": true
            },
            {
                "name": "music/game/dry_hands",
                "stream": true
            },
            {
                "name": "music/game/wet_hands",
                "stream": true
            },
            {
                "name": "music/game/mice_on_venus",
                "stream": true
            }
        ]
    },
    "music.overworld.stony_peaks": {
        "replace": true,
        "sounds": [
            {
                "name": "music/game/subwoofer_lullaby",
                "stream": true
            },
            {
                "name": "music/game/living_mice",
                "stream": true
            },
            {
                "name": "music/game/haggstrom",
                "stream": true
            },
            {
                "name": "music/game/danny",
                "stream": true
            },
            {
                "name": "music/game/dry_hands",
                "stream": true
            },
            {
                "name": "music/game/wet_hands",
                "stream": true
            },
            {
                "name": "music/game/mice_on_venus",
                "stream": true
            }
        ]
    },
    "music.overworld.swamp": {
        "replace": true,
        "sounds": [
            {
                "name": "music/game/minecraft",
                "stream": true
            },
            {
                "name": "music/game/clark",
                "stream": true
            },
            {
                "name": "music/game/sweden",
                "stream": true
            },
            {
                "name": "music/game/subwoofer_lullaby",
                "stream": true
            },
            {
                "name": "music/game/living_mice",
                "stream": true
            },
            {
                "name": "music/game/haggstrom",
                "stream": true
            },
            {
                "name": "music/game/danny",
                "stream": true
            },
            {
                "name": "music/game/key",
                "stream": true
            },
            {
                "name": "music/game/oxygene",
                "stream": true
            },
            {
                "name": "music/game/dry_hands",
                "stream": true
            },
            {
                "name": "music/game/wet_hands",
                "stream": true
            },
            {
                "name": "music/game/mice_on_venus",
                "stream": true
            }
        ]
    },
    "music.under_water": {
        "replace": true,
        "sounds": [
            {
                "name": "music/game/water/axolotl",
                "stream": true,
                "volume": 0.4
            },
            {
                "name": "music/game/water/dragon_fish",
                "stream": true,
                "volume": 0.4
            },
            {
                "name": "music/game/water/shuniji",
                "stream": true,
                "volume": 0.4
            }
        ]
    },
    "music.creative": {
        "replace": true,
        "sounds": [
            {
                "name": "music.game",
                "type": "event"
            },
            {
                "name": "music/game/creative/aria_math",
                "stream": true
            },
            {
                "name": "music/game/creative/biome_fest",
                "stream": true
            },
            {
                "name": "music/game/creative/blind_spots",
                "stream": true
            },
            {
                "name": "music/game/creative/dreiton",
                "stream": true
            },
            {
                "name": "music/game/creative/haunt_muskie",
                "stream": true
            },
            {
                "name": "music/game/creative/taswell",
                "stream": true
            }
        ]
    },
    "music.overworld.badlands": {
        "replace": true,
        "sounds": [
            {
                "name": "music/game/subwoofer_lullaby",
                "stream": true
            },
            {
                "name": "music/game/living_mice",
                "stream": true
            },
            {
                "name": "music/game/haggstrom",
                "stream": true
            },
            {
                "name": "music/game/danny",
                "stream": true
            },
            {
                "name": "music/game/dry_hands",
                "stream": true
            },
            {
                "name": "music/game/wet_hands",
                "stream": true
            },
            {
                "name": "music/game/mice_on_venus",
                "stream": true
            },
            {
                "name": "music/game/key",
                "stream": true
            },
            {
                "name": "music/game/oxygene",
                "stream": true
            }
        ]
    },
    "music.overworld.bamboo_jungle": {
        "replace": true,
        "sounds": [
            {
                "name": "music/game/dry_hands",
                "stream": true
            },
            {
                "name": "music/game/wet_hands",
                "stream": true
            },
            {
                "name": "music/game/mice_on_venus",
                "stream": true
            },
            {
                "name": "music/game/subwoofer_lullaby",
                "stream": true
            },
            {
                "name": "music/game/living_mice",
                "stream": true
            },
            {
                "name": "music/game/haggstrom",
                "stream": true
            },
            {
                "name": "music/game/danny",
                "stream": true
            },
            {
                "name": "music/game/key",
                "stream": true
            },
            {
                "name": "music/game/oxygene",
                "stream": true
            }
        ]
    },
    "music.overworld.cherry_grove": {
        "replace": true,
        "sounds": [
            {
                "name": "music/game/minecraft",
                "stream": true
            },
            {
                "name": "music/game/clark",
                "stream": true
            },
            {
                "name": "music/game/sweden",
                "stream": true
            },
            {
                "name": "music/game/subwoofer_lullaby",
                "stream": true
            },
            {
                "name": "music/game/living_mice",
                "stream": true
            },
            {
                "name": "music/game/haggstrom",
                "stream": true
            },
            {
                "name": "music/game/danny",
                "stream": true
            },
            {
                "name": "music/game/key",
                "stream": true
            },
            {
                "name": "music/game/oxygene",
                "stream": true
            },
            {
                "name": "music/game/dry_hands",
                "stream": true
            },
            {
                "name": "music/game/wet_hands",
                "stream": true
            },
            {
                "name": "music/game/mice_on_venus",
                "stream": true
            }
        ]
    },
    "music.overworld.desert": {
        "replace": true,
        "sounds": [
            {
                "name": "music/game/subwoofer_lullaby",
                "stream": true
            },
            {
                "name": "music/game/living_mice",
                "stream": true
            },
            {
                "name": "music/game/haggstrom",
                "stream": true
            },
            {
                "name": "music/game/danny",
                "stream": true
            },
            {
                "name": "music/game/key",
                "stream": true
            },
            {
                "name": "music/game/oxygene",
                "stream": true
            }
        ]
    },
    "music.overworld.flower_forest": {
        "replace": true,
        "sounds": [
            {
                "name": "music/game/minecraft",
                "stream": true
            },
            {
                "name": "music/game/clark",
                "stream": true
            },
            {
                "name": "music/game/sweden",
                "stream": true
            },
            {
                "name": "music/game/subwoofer_lullaby",
                "stream": true
            },
            {
                "name": "music/game/living_mice",
                "stream": true
            },
            {
                "name": "music/game/haggstrom",
                "stream": true
            },
            {
                "name": "music/game/danny",
                "stream": true
            },
            {
                "name": "music/game/dry_hands",
                "stream": true
            },
            {
                "name": "music/game/wet_hands",
                "stream": true
            },
            {
                "name": "music/game/mice_on_venus",
                "stream": true
            },
            {
                "name": "music/game/key",
                "stream": true
            },
            {
                "name": "music/game/oxygene",
                "stream": true
            }
        ]
    },
    "music.overworld.forest": {
        "replace": true,
        "sounds": [
            {
                "name": "music/game/minecraft",
                "stream": true
            },
            {
                "name": "music/game/clark",
                "stream": true
            },
            {
                "name": "music/game/sweden",
                "stream": true
            },
            {
                "name": "music/game/subwoofer_lullaby",
                "stream": true
            },
            {
                "name": "music/game/living_mice",
                "stream": true
            },
            {
                "name": "music/game/haggstrom",
                "stream": true
            },
            {
                "name": "music/game/danny",
                "stream": true
            },
            {
                "name": "music/game/dry_hands",
                "stream": true
            },
            {
                "name": "music/game/wet_hands",
                "stream": true
            },
            {
                "name": "music/game/mice_on_venus",
                "stream": true
            },
            {
                "name": "music/game/key",
                "stream": true
            },
            {
                "name": "music/game/oxygene",
                "stream": true
            }
        ]
    },
    "music.overworld.jungle": {
        "replace": true,
        "sounds": [
            {
                "name": "music/game/dry_hands",
                "stream": true
            },
            {
                "name": "music/game/wet_hands",
                "stream": true
            },
            {
                "name": "music/game/mice_on_venus",
                "stream": true
            },
            {
                "name": "music/game/subwoofer_lullaby",
                "stream": true
            },
            {
                "name": "music/game/living_mice",
                "stream": true
            },
            {
                "name": "music/game/haggstrom",
                "stream": true
            },
            {
                "name": "music/game/danny",
                "stream": true
            },
            {
                "name": "music/game/key",
                "stream": true
            },
            {
                "name": "music/game/oxygene",
                "stream": true
            }
        ]
    },
    "music.overworld.sparse_jungle": {
        "replace": true,
        "sounds": [
            {
                "name": "music/game/dry_hands",
                "stream": true
            },
            {
                "name": "music/game/wet_hands",
                "stream": true
            },
            {
                "name": "music/game/mice_on_venus",
                "stream": true
            },
            {
                "name": "music/game/subwoofer_lullaby",
                "stream": true
            },
            {
                "name": "music/game/living_mice",
                "stream": true
            },
            {
                "name": "music/game/haggstrom",
                "stream": true
            },
            {
                "name": "music/game/danny",
                "stream": true
            },
            {
                "name": "music/game/key",
                "stream": true
            },
            {
                "name": "music/game/oxygene",
                "stream": true
            }
        ]
    }
}